RowNumber,CustomerId,Surname,CreditScore,Geography,Gender,Age,Tenure,Balance,NumOfProducts,HasCrCard,IsActiveMember,EstimatedSalary,Exited
2001,15613656,Lombardi,842,France,Male,58,1,63492.94,1,1,1,83172.19,0
2002,15734311,Hamilton,661,France,Female,27,3,0,2,1,1,76889.79,0
2003,15657214,Hsia,601,France,Male,74,2,0,2,0,1,51554.58,0
2004,15799350,Mao,632,France,Male,41,0,106134.46,1,0,1,105570.39,0
2005,15729970,Ugochukwu,684,Germany,Male,29,8,127269.75,1,0,1,79495.01,0
2006,15725835,West,785,Germany,Female,32,3,124493.03,2,0,1,52583.79,1
2007,15745543,Hughes,687,France,Male,39,7,0,2,1,0,26848.25,0
2008,15727384,Chukwuemeka,705,Germany,Female,43,10,146547.78,1,0,1,10072.55,1
2009,15666916,Lira,639,France,Male,43,6,99610.92,2,1,0,187296.78,0
2010,15732917,Li,729,Germany,Male,46,5,117837.43,1,1,0,104016.61,1
2011,15612050,Castiglione,556,Spain,Female,48,8,168522.37,1,1,1,151310.16,0
2012,15726267,Paterson,570,France,Male,32,9,117337.54,2,0,1,62810.91,0
2013,15780124,Blair,841,France,Male,74,9,108131.53,1,0,1,60830.38,0
2014,15742238,Dellucci,705,Germany,Male,35,4,136496.12,2,1,0,116672.02,0
2015,15679024,Udinesi,553,France,Male,32,3,116324.53,1,1,0,77304.49,0
2016,15715297,Yuan,779,Germany,Female,40,2,75470.23,1,1,1,52894.01,0
2017,15633612,Yuryeva,696,France,Male,28,4,172646.82,1,1,1,116471.43,0
2018,15602929,Wilson,728,Spain,Female,37,4,0,1,0,0,4539.38,0
2019,15696703,Dean,691,Germany,Male,27,3,160358.68,2,1,0,142367.72,0
2020,15756668,Ross,706,France,Male,30,3,98415.37,1,1,1,110520.48,0
2021,15565779,Kent,627,Germany,Female,30,6,57809.32,1,1,0,188258.49,0
2022,15795519,Vasiliev,716,Germany,Female,18,3,128743.8,1,0,0,197322.13,0
2023,15761477,Golibe,501,Germany,Male,24,4,130806.42,2,1,0,80241.14,0
2024,15731890,Chukwukere,601,France,Male,41,1,123971.16,1,0,1,172814.99,0
2025,15633043,Fedorova,545,Spain,Female,39,6,0,1,0,0,38410.74,1
2026,15752953,Chien,634,France,Male,45,9,0,2,0,0,17622.82,0
2027,15603088,Rossi,451,Spain,Female,23,9,0,2,0,1,48021.71,0
2028,15606613,Samson,655,France,Female,59,7,0,1,1,0,88958.49,1
2029,15635939,Fenton,458,France,Female,39,9,0,2,1,0,116343.09,0
2030,15666043,Mackey,520,France,Male,33,4,156297.58,2,1,1,166102.61,0
2031,15746190,Payton,624,Spain,Female,28,2,0,2,0,1,104353.26,0
2032,15591357,Cowger,765,France,Male,51,3,123372.3,1,1,1,115429.32,0
2033,15658716,Banks,667,Germany,Female,37,5,92171.35,3,1,0,178106.34,1
2034,15679909,Pugliesi,665,Spain,Male,41,8,0,2,1,0,132152.32,0
2035,15634262,Fantin,709,Germany,Male,34,4,148375.19,2,1,1,21521.38,0
2036,15799825,Bentley,583,France,Female,44,8,0,2,1,1,27431.62,0
2037,15756875,Freeman,782,Spain,Male,34,6,147422.44,1,0,1,42143.61,0
2038,15678146,Wong,668,Spain,Female,24,7,173962.32,1,0,0,106457.11,1
2039,15710743,Onwuamaeze,621,France,Male,47,0,0,1,1,1,133831.37,1
2040,15595831,Shen,579,Germany,Female,64,6,145215.43,1,1,1,164083.72,0
2041,15626684,Huang,547,France,Female,38,5,167539.97,1,0,1,159207.34,0
2042,15709846,Yeh,840,France,Female,39,1,94968.97,1,1,0,84487.62,0
2043,15635459,Shih,667,Germany,Female,27,3,106116.5,2,1,0,3674.71,0
2044,15642544,Henderson,723,France,Male,34,5,0,2,0,1,12092.03,0
2045,15566494,Fang,487,France,Male,45,2,0,2,1,0,77475.73,0
2046,15655238,Dellucci,668,France,Female,31,9,0,2,0,0,41291.73,0
2047,15733429,Chou,520,Germany,Male,34,8,120018.86,2,1,1,343.38,0
2048,15814536,Conti,549,France,Male,37,2,112541.54,2,0,0,47432.43,0
2049,15771702,Roberts,567,France,Female,35,5,166118.45,2,1,0,127827.18,0
2050,15723008,Lo Duca,720,France,Female,45,1,102882.4,2,1,1,35633.15,1
2051,15797160,Glover,492,France,Female,49,8,0,1,1,1,182865.09,1
2052,15792222,Johnstone,712,France,Female,37,1,106881.5,2,0,0,169386.81,0
2053,15644765,Ashton,689,Germany,Male,26,4,120727.97,1,0,1,149073.88,0
2054,15610686,Melton,850,France,Male,63,8,169832.57,1,0,0,184107.26,1
2055,15730868,Marshall,747,France,Male,41,5,0,2,1,1,22750.17,0
2056,15705991,Kenenna,469,Germany,Male,38,9,113599.42,1,0,0,11950.29,0
2057,15577078,Zakharov,539,Spain,Male,38,6,0,1,1,1,152880.07,1
2058,15679550,Chukwualuka,743,France,Male,32,9,0,2,1,0,175252.78,0
2059,15787655,Chu,707,France,Male,47,3,0,2,1,0,174303.29,0
2060,15668081,Capon,581,Spain,Female,50,4,0,2,1,1,80701.72,0
2061,15747980,Cattaneo,737,Spain,Male,38,6,146282.79,2,1,0,198516.2,0
2062,15710295,Patrick,445,Germany,Female,38,6,119413.62,2,1,0,175756.36,0
2063,15724443,Taylor,703,Germany,Female,29,3,122084.63,1,0,1,82824.08,0
2064,15571305,Stephenson,588,Germany,Female,35,1,103060.63,1,1,0,179866.01,1
2065,15569503,Yeh,765,France,Male,44,6,0,2,1,1,159899.97,0
2066,15581840,DeRose,626,France,Male,33,8,0,2,1,0,138504.28,0
2067,15772262,Vavilov,545,Germany,Male,37,9,110483.86,1,1,1,127394.67,0
2068,15767794,Browne,744,France,Male,31,9,120718.28,1,1,1,58961.49,0
2069,15629338,Collingridge de Tourcey,658,Spain,Female,31,2,36566.96,1,1,0,103644.98,1
2070,15790379,Rowe,629,Germany,Male,28,8,108601,1,1,1,119647.7,0
2071,15750684,Jibunoh,719,France,Female,42,4,0,1,1,0,28465.86,1
2072,15697214,Korovin,686,Spain,Female,36,5,0,2,1,1,152979.14,0
2073,15711015,Hammonds,743,France,Male,36,4,0,2,1,1,190911.02,0
2074,15573309,Ward,626,Spain,Female,48,2,0,2,1,1,95794.98,0
2075,15805303,Olisanugo,661,Germany,Male,44,1,141136.62,1,1,0,189742.78,1
2076,15741385,Gallop,710,Germany,Male,45,9,108231.37,1,1,1,188574.08,0
2077,15780254,Gartrell,654,France,Male,40,6,0,1,0,0,183872.88,1
2078,15744843,K'ung,569,Spain,Female,34,6,144855.34,1,0,0,196555.32,0
2079,15815626,Oluchi,640,France,Male,63,2,68432.45,2,1,1,112503.24,1
2080,15784736,Jamieson,562,France,Male,45,6,136855.24,1,1,0,46864,0
2081,15813412,Barlow,721,France,Female,55,3,44020.89,1,1,0,65864.4,1
2082,15809143,White,456,Germany,Male,32,9,133060.63,1,1,1,125167.92,0
2083,15617617,Stewart,811,Spain,Male,39,7,0,2,1,1,177519.39,0
2084,15779738,Buccho,534,France,Male,24,1,0,1,1,1,169653.32,0
2085,15668669,Benson,423,France,Female,36,5,97665.61,1,1,0,118372.55,1
2086,15687477,Thompson,594,Germany,Male,28,5,185013.02,1,1,0,16481.12,0
2087,15578908,Todd,725,Spain,Female,32,0,0,2,1,1,138525.19,0
2088,15687658,Burgin,716,France,Female,52,7,65971.61,2,1,0,14608,1
2089,15615020,Nnaife,595,Germany,Female,41,9,150463.11,2,0,1,81548.38,0
2090,15608886,Okwudiliolisa,679,France,Female,33,1,0,2,0,0,69608.48,0
2091,15602551,Johnson,667,Spain,Male,39,9,0,2,1,0,68873.8,0
2092,15672945,Parkes,661,France,Female,37,5,136425.18,1,1,0,81102.81,0
2093,15757408,Lo,655,Spain,Male,38,3,250898.09,3,0,1,81054,1
2094,15806132,Martin,555,France,Male,55,4,146798.81,1,1,1,74149.77,0
2095,15813022,Kapustina,531,Spain,Male,70,1,0,2,0,0,99503.19,0
2096,15673578,Page,611,Germany,Female,40,7,128486.91,2,1,0,10109.47,0
2097,15757916,Amaechi,600,France,Female,38,9,0,2,1,1,58855.85,0
2098,15689168,Munro,531,Spain,Male,37,1,143407.29,2,0,1,84402.46,0
2099,15769216,Panicucci,601,France,Female,43,2,0,1,1,0,49713.87,1
2100,15593295,Greathouse,548,France,Male,57,6,76165.65,1,1,1,133537.53,0
2101,15804814,Ts'ui,759,France,Male,40,4,0,2,1,0,124615.59,0
2102,15778934,Napolitani,678,Spain,Female,49,8,0,2,0,1,98090.69,0
2103,15802351,Beers,755,Germany,Female,33,6,90560.3,2,1,1,42607.69,0
2104,15630241,Tretyakova,594,France,Male,61,3,62391.22,1,1,1,192434.11,0
2105,15719561,Lin,768,France,Male,42,5,0,3,0,0,60686.4,0
2106,15615096,Costa,492,France,Female,31,7,0,2,1,1,49463.44,0
2107,15659931,Ibezimako,637,Germany,Female,55,1,123378.2,1,1,0,81431.99,1
2108,15714586,Marcelo,646,Spain,Female,42,3,99836.47,1,0,1,22909.56,0
2109,15634949,Hay,593,Germany,Male,74,5,161434.36,2,1,1,65532.17,0
2110,15589224,Moore,596,Spain,Male,41,5,0,2,0,1,141053.85,0
2111,15795990,Lumholtz,722,Germany,Female,48,10,138311.76,1,1,1,3472.63,1
2112,15603216,Simpson,642,France,Male,25,7,0,2,1,0,102083.78,0
2113,15631201,Hill,472,Spain,Female,28,4,0,2,1,0,1801.77,0
2114,15686255,Mouzon,738,Germany,Male,35,6,101744.84,1,0,0,85185.44,0
2115,15746594,Wu,732,Spain,Male,33,8,0,1,1,0,119882.7,0
2116,15718893,Pirozzi,404,Germany,Female,54,4,125456.07,1,1,0,83715.66,1
2117,15671609,Ibeabuchi,701,France,Male,44,7,0,2,1,0,23425.78,0
2118,15652540,Garnsey,683,France,Male,31,2,0,2,0,1,77326.78,0
2119,15774857,Synnot,460,France,Female,27,7,0,2,1,0,156150.08,1
2120,15791836,Wildman,690,France,Male,29,5,0,2,1,0,108577.97,0
2121,15651554,Anenechukwu,618,Germany,Female,54,4,118449.21,1,1,1,133573.29,1
2122,15583576,Tai,671,France,Male,30,2,0,1,0,1,102057.86,0
2123,15732740,Plant,765,Spain,Female,32,9,178095.55,1,0,0,47247.56,0
2124,15723320,Azubuike,651,Germany,Female,25,2,109175.14,2,1,0,114566.47,0
2125,15603851,Galkin,704,France,Male,32,7,127785.17,4,0,0,184464.7,1
2126,15777923,Johnston,544,France,Female,45,6,0,2,0,1,151401.33,0
2127,15735719,Babbage,790,France,Female,40,9,0,2,1,1,70607.1,0
2128,15703482,Walker,710,Germany,Male,34,9,134260.36,2,1,0,147074.67,0
2129,15605835,Rice,743,France,Male,37,8,69143.91,2,0,1,105780.18,0
2130,15664881,Norton,702,France,Male,34,4,100054.77,1,1,0,109496.45,0
2131,15757568,Bogolyubov,704,France,Female,45,6,0,1,1,1,137739.45,0
2132,15792660,Gibbons,614,France,Male,38,2,116248.88,1,1,0,105140.92,0
2133,15599722,Chia,609,Spain,Female,43,6,86053.52,2,1,1,113276.46,1
2134,15726354,Smith,688,France,Female,32,6,123157.95,1,1,0,172531.23,0
2135,15610355,Hunter,713,France,Male,44,1,63438.91,1,1,0,64375.4,0
2136,15704284,Ekechukwu,736,Germany,Male,57,9,95295.39,1,1,0,28434.44,1
2137,15621893,Bellucci,727,France,Male,18,4,133550.67,1,1,1,46941.41,0
2138,15588219,Ford,850,France,Female,38,1,106871.81,2,1,0,29333.01,0
2139,15688619,Scott,718,Spain,Male,45,3,105266.32,2,1,1,193724.51,0
2140,15765518,Gregson,643,France,Female,51,2,105229.53,1,1,0,34967.75,1
2141,15616931,Moore,653,France,Male,41,8,102768.42,1,1,0,55663.85,0
2142,15758372,Wallace,674,France,Male,18,7,0,2,1,1,55753.12,1
2143,15782591,Cook,690,France,Male,35,6,112689.95,1,1,0,176962.31,0
2144,15612109,Speth,819,France,Male,38,9,122334.26,2,1,1,181507.44,0
2145,15613712,Boag,634,Spain,Male,34,1,0,2,1,0,61995.57,0
2146,15639322,Grave,633,Spain,Male,33,4,137847.41,2,1,0,98349.13,0
2147,15594349,Streeten,850,France,Male,49,5,122486.47,1,0,1,59748.19,0
2148,15574167,Fox,665,France,Male,33,2,101286.11,1,1,1,159840.51,0
2149,15811842,Artemyeva,630,Spain,Male,26,7,0,2,1,1,6656.64,0
2150,15648794,Giordano,836,Spain,Male,57,4,101247.06,1,1,0,37141.62,1
2151,15771211,Perkins,668,France,Male,38,10,86977.96,1,0,1,37094.75,0
2152,15588614,Walton,753,France,Male,57,7,0,1,1,0,159475.08,1
2153,15630698,Hay,745,France,Female,55,9,110123.59,1,0,1,51548.14,1
2154,15694200,Gardner,693,France,Male,36,8,178111.82,1,0,0,58719.63,1
2155,15721426,Milne,606,Germany,Male,65,10,126306.64,3,0,0,7861.68,1
2156,15725997,She,660,France,Female,35,6,100768.77,1,1,0,19199.61,0
2157,15762138,Hu,608,France,Male,42,5,0,2,1,0,178504.29,0
2158,15750649,Uwakwe,744,France,Female,44,3,0,2,1,1,189016.14,0
2159,15685706,Bird,731,France,Female,40,7,118991.79,1,1,1,156048.64,0
2160,15641835,Anderson,683,France,Male,72,3,140997.26,1,0,1,52876.41,0
2161,15586821,Bellew,727,France,Male,28,5,0,2,0,1,19653.08,0
2162,15569678,Cocci,561,Germany,Male,32,6,166824.59,1,1,0,139451.98,0
2163,15793842,Krichauff,700,France,Female,34,2,76322.69,1,1,0,128136.29,0
2164,15667554,Cameron,605,France,Male,35,6,0,2,1,1,45206.57,0
2165,15794479,Becker,767,Spain,Male,77,8,149083.7,1,1,1,190146.83,0
2166,15585041,Ainsworth,511,France,Male,33,7,0,2,0,1,158313.87,0
2167,15780650,Biryukov,667,France,Male,40,9,0,1,1,1,96670.2,0
2168,15780846,Redding,787,France,Male,33,1,126588.81,2,0,1,62163.53,0
2169,15805260,Wood,705,Germany,Female,56,2,143249.67,1,1,0,88428.41,1
2170,15621629,Scott,773,Germany,Male,43,8,81844.91,2,1,1,35908.46,0
2171,15662151,Gould,554,France,Male,40,4,0,1,0,1,168780.04,0
2172,15747174,Hao,526,Germany,Male,58,9,190298.89,2,1,1,191263.76,0
2173,15651585,Power,661,Germany,Male,35,2,117212.18,1,1,1,83052.03,0
2174,15649738,White,698,France,Female,46,0,0,2,1,1,125962.02,0
2175,15633108,Thorpe,646,France,Male,26,4,139848.17,1,1,0,164696.27,0
2176,15769254,Tuan,757,Germany,Female,34,9,101861.36,2,0,0,187011.96,0
2177,15704746,Inman,699,Spain,Male,35,2,167455.66,2,1,1,55324.49,0
2178,15637644,Hanson,667,France,Female,24,4,0,2,0,1,34335.55,0
2179,15609562,MacDonald,774,Spain,Female,43,1,116360.07,1,1,0,17004.14,0
2180,15787459,Parkes,745,Spain,Male,40,3,88466.82,1,0,0,116331.42,0
2181,15762902,Stanley,649,France,Female,42,7,0,2,0,1,22974.01,0
2182,15738605,Fischer,634,Germany,Female,46,5,123642.36,1,1,1,49725.16,1
2183,15724889,Chinweuba,665,Spain,Male,38,9,0,1,0,1,87412.74,0
2184,15730735,Henning,713,France,Male,38,9,72286.84,2,1,1,26136.89,0
2185,15689147,Ogochukwu,652,France,Female,40,1,0,2,1,0,126554.96,0
2186,15730397,Narelle,739,Spain,Male,40,1,109681.61,1,1,1,193321.3,0
2187,15762169,Bergman,556,Germany,Male,37,9,145018.64,2,1,0,90928.02,1
2188,15589320,Sagese,699,Spain,Male,34,8,0,1,1,1,76510.46,0
2189,15799211,Anenechi,708,Spain,Female,32,8,187487.63,1,1,1,120115.5,0
2190,15798310,Palerma,480,France,Male,35,2,165692.91,1,1,1,197984.58,0
2191,15609998,Okwudilichukwu,700,Germany,Female,59,5,137648.41,1,1,0,142977.05,1
2192,15583548,Harrison,525,Spain,Female,47,6,118560,1,1,0,82522.61,1
2193,15761763,Jamieson,845,France,Male,33,8,164385.53,1,1,0,150664.97,0
2194,15764409,Goodman,613,France,Male,37,9,108286.5,1,1,1,114153.44,0
2195,15710161,Ko,850,France,Female,34,2,0,2,1,1,171706.66,0
2196,15735246,Norman,798,Spain,Female,58,9,0,2,0,0,119071.56,1
2197,15791700,Ugochukwutubelum,773,Germany,Male,47,2,118079.47,4,1,1,143007.49,1
2198,15670753,Uvarova,614,Spain,Male,35,2,127283.78,1,1,1,31302.35,0
2199,15573876,Chia,473,Spain,Male,48,8,0,2,1,0,71139.8,0
2200,15770174,Piazza,762,France,Male,29,6,141389.06,1,1,0,54122.89,0
2201,15641114,Power,701,France,Male,37,8,130091.5,1,1,1,120031.29,0
2202,15682435,P'eng,600,France,Male,35,4,143744.77,2,1,0,104076.51,0
2203,15751788,Johnson,850,Spain,Male,28,9,97408.03,1,1,1,175853.64,0
2204,15672598,Walker,613,Spain,Male,30,9,111927.45,1,1,1,175795.87,0
2205,15762803,Innes,509,France,Male,31,3,0,2,1,0,15360.91,0
2206,15812982,Francis,509,Spain,Male,38,2,0,1,0,0,168460.12,0
2207,15597901,Chidozie,609,France,Male,34,1,0,1,1,1,181177.9,0
2208,15731507,Mackenzie,456,France,Female,33,1,188285.68,1,0,0,58363.94,0
2209,15809826,Craigie,728,France,Female,46,2,109705.52,1,1,0,20276.87,1
2210,15764237,Manfrin,663,Spain,Male,33,9,0,2,0,0,91514.62,0
2211,15769917,Onyekachi,673,Germany,Female,34,1,127122.79,3,0,1,76703.1,0
2212,15641850,Pethard,717,France,Male,40,0,98241.04,1,1,0,110887.14,0
2213,15770974,Nwabugwu,741,Germany,Female,37,8,170840.08,2,0,0,109843.16,0
2214,15803749,DeRose,498,Germany,Female,41,4,87541.06,2,1,1,12577.21,1
2215,15684999,Ch'eng,850,France,Female,26,4,62610.96,2,0,1,179365.1,0
2216,15770225,Padovesi,493,France,Male,36,9,0,2,1,1,65816.53,0
2217,15627484,Obielumani,686,France,Female,47,5,113328.93,1,1,0,124170.9,0
2218,15610337,Stephens,666,Spain,Male,35,2,104832.49,1,1,0,175015.12,0
2219,15752488,Emery,733,Spain,Female,31,9,102289.85,1,1,1,115441.66,0
2220,15610056,Dufresne,631,Germany,Female,34,6,125227.82,2,0,1,128247.03,0
2221,15806049,Lee,714,Germany,Female,49,5,140510.89,1,1,0,141914.94,0
2222,15736069,Hsing,767,Germany,Female,35,6,132253.22,1,1,0,115566.57,1
2223,15763662,Longo,711,Germany,Male,43,2,39043.29,2,1,1,175423.69,0
2224,15615575,Vial,722,France,Male,34,8,0,2,1,1,133447.49,0
2225,15691723,Chukwudi,631,Spain,Male,55,9,99685.06,1,1,0,114474.98,0
2226,15774098,Grant,701,Germany,Male,38,3,125385.49,2,0,1,52044.66,0
2227,15750808,Ma,790,Spain,Male,46,2,131365.37,2,1,1,180290.68,0
2228,15744368,Sun,633,Spain,Male,58,6,98308.51,1,1,1,132034.13,0
2229,15610594,Moss,644,France,Female,37,8,0,2,1,0,20968.88,0
2230,15756125,Booth,757,Spain,Male,44,5,140856.16,2,1,0,158735.1,0
2231,15623277,Ross,696,France,Female,30,8,0,2,1,1,196134.44,0
2232,15795954,Ndukaku,746,France,Male,35,2,172274.01,1,1,0,22374.97,0
2233,15671969,Pruneda,649,Spain,Male,36,8,0,2,1,0,161668.15,0
2234,15791268,Neumann,565,Spain,Male,38,0,122447.76,1,0,0,67339.34,0
2235,15713655,Calabrese,720,France,Female,38,10,0,2,1,1,56229.72,1
2236,15633930,Yobachukwu,648,Spain,Female,56,6,157559.59,2,1,0,140991.23,1
2237,15712849,Tung,632,Germany,Male,41,3,126550.7,1,0,0,177644.52,1
2238,15639077,Marchesi,622,France,Female,30,2,158584.82,3,1,0,142342.55,1
2239,15808784,Hess,835,France,Male,28,2,163569.61,2,1,1,154559.28,0
2240,15648577,Pickering,493,France,Female,31,3,0,1,1,1,176570.28,1
2241,15670345,Mazzi,785,Germany,Female,33,6,127211.45,1,0,0,191961.83,0
2242,15633112,Madukaego,681,Germany,Male,42,3,118199.97,2,1,0,9452.88,1
2243,15714397,Trentino,621,Germany,Female,30,2,101014.08,2,1,1,165257.31,0
2244,15780038,Paterson,756,Spain,Male,38,6,119208.85,1,1,0,169763.89,1
2245,15756305,Marchesi,515,France,Female,66,6,0,2,1,1,160663.11,0
2246,15578799,Anayolisa,625,France,Female,58,10,53772.73,1,1,1,192072.1,1
2247,15800326,Poole,717,Spain,Female,39,6,0,2,1,0,93275.61,0
2248,15785485,Zhou,595,Germany,Female,41,2,138878.81,1,0,1,112269.67,0
2249,15783958,Bates,539,Spain,Female,37,1,130922.81,2,0,0,2186.83,0
2250,15727546,Olejuru,762,France,Male,35,9,0,2,1,1,43075.7,0
2251,15739576,Bustard,706,Spain,Male,20,8,0,2,1,1,12368.11,0
2252,15631333,Wade,677,Spain,Female,25,8,130866.19,1,1,0,42410.21,0
2253,15604782,Tan,733,Germany,Female,33,7,187257.94,1,0,1,190430.81,0
2254,15589643,Ngozichukwuka,684,Spain,Female,41,7,0,1,1,1,138394.37,0
2255,15585533,Calabrese,679,France,Male,36,6,147733.64,1,0,1,172501.38,0
2256,15681506,Lane,478,Spain,Male,43,1,0,2,1,1,197916.43,0
2257,15630551,Forbes,696,France,Male,33,2,163139.27,1,1,1,7035.36,0
2258,15698349,Davy,686,Spain,Female,35,4,0,2,1,1,159676.55,0
2259,15776631,Ma,466,France,Female,36,5,119540.15,1,0,1,80603.99,0
2260,15762216,Barrera,686,France,Female,41,4,129553.76,2,1,0,187599.8,0
2261,15623927,Alexander,576,France,Male,55,9,0,2,1,1,94450.97,0
2262,15681402,Ngozichukwuka,763,Germany,Female,61,1,66101.89,1,1,1,143981.27,0
2263,15586264,Murray,572,France,Male,43,2,140431.98,1,1,0,26450.57,1
2264,15594685,Hall,757,France,Female,49,2,0,2,0,0,164482.92,0
2265,15812945,Padovesi,582,France,Female,29,0,0,1,1,1,84012.81,0
2266,15734628,Lysaght,623,France,Female,35,5,0,2,1,0,101192.08,0
2267,15629323,Kelechi,617,Germany,Female,37,4,116471.43,2,1,0,175324.74,1
2268,15666823,Nebechi,425,France,Male,39,4,0,2,1,0,197226.32,0
2269,15777553,Hanson,659,France,Female,56,9,123785.24,1,1,0,99504.03,1
2270,15613097,Kao,605,France,Female,33,4,0,2,0,1,83700.66,0
2271,15622217,Tu,538,France,Female,38,8,88758.95,2,0,0,28226.15,1
2272,15703588,Palerma,665,Germany,Male,25,5,153611.83,2,1,0,35321.65,0
2273,15570835,Fallaci,491,Germany,Female,57,4,112044.72,1,1,1,41229.73,1
2274,15679299,Shen,726,Spain,Female,27,7,123826.07,1,0,1,78970.58,0
2275,15808044,Ts'ui,580,France,Female,65,9,106804.26,3,1,0,107890.69,1
2276,15579208,Chikezie,550,France,Female,48,6,0,2,1,1,191870.28,0
2277,15684951,He,542,France,Female,59,2,68892.77,2,1,0,7905.06,1
2278,15667620,Dreyer,732,France,Female,43,6,0,2,1,0,65731.53,0
2279,15582960,Short,473,France,Female,33,5,125827.43,1,0,1,145698.73,0
2280,15590730,Hunt,745,Spain,Male,34,9,0,2,1,0,50046.25,0
2281,15763747,Ricci,732,France,Male,36,7,0,2,1,1,60830.24,0
2282,15778320,Teng,848,Germany,Female,40,5,148495.64,1,0,0,158853.98,0
2283,15642787,Ijendu,572,France,Male,37,1,133043.66,1,0,0,111243.09,0
2284,15624633,Kibby,702,France,Male,45,9,74989.58,1,1,1,171014.69,0
2285,15766765,Obiuto,664,Germany,Male,39,7,60263.23,1,1,0,170835.32,0
2286,15783615,Ramos,630,Germany,Male,50,3,129370.91,4,1,1,47775.34,1
2287,15640161,Calabrese,618,Germany,Male,44,5,157955.83,2,0,0,139297.71,0
2288,15619889,Vasin,556,France,Male,26,4,0,1,1,0,195167.38,0
2289,15579166,Munro,619,France,Female,30,7,70729.17,1,1,1,160948.87,0
2290,15789097,Keeley,644,France,Male,48,8,0,2,0,1,44965.54,1
2291,15674880,Archer,658,Spain,Male,50,2,0,2,1,0,52137.73,0
2292,15778157,Murray,598,Spain,Male,27,8,90721.52,2,1,0,109296.18,0
2293,15779064,Chidiegwu,677,France,Male,27,2,0,2,1,1,20092.89,0
2294,15801265,Tang,689,Spain,Female,45,0,57784.22,1,1,0,197804,1
2295,15589204,Farrar,591,France,Male,33,9,131765.72,1,1,0,118782.06,0
2296,15664543,Shaw,699,France,Male,40,7,0,1,0,1,152876.13,1
2297,15582714,Napolitani,749,Germany,Male,47,9,110022.74,1,0,1,135655.29,1
2298,15797595,Greenhalgh,709,France,Female,40,9,131569.63,1,1,1,103970.58,0
2299,15614034,Martin,607,Germany,Male,61,2,164523.5,2,1,1,35786.76,0
2300,15763171,Hu,650,Germany,Female,25,2,114330.95,1,1,1,25325.07,0
2301,15647266,Y?an,651,Spain,Female,45,10,135923.16,1,1,0,18732.84,0
2302,15757577,Odili,676,France,Female,61,8,0,2,1,1,118522.73,0
2303,15736656,H?,723,France,Female,49,4,0,2,0,1,89972.25,0
2304,15635078,Chiemela,714,Spain,Male,45,0,124693.48,1,0,1,187194.15,0
2305,15680141,Yuan,759,Spain,Female,35,7,147936.42,1,1,1,106785.7,0
2306,15576945,Clements,582,France,Male,29,0,0,1,1,0,142516.35,0
2307,15602034,Kolesnikov,697,France,Female,34,2,126558.92,1,1,0,73334.43,0
2308,15732020,Rutherford,610,Germany,Male,57,6,106938.11,2,0,1,186612.47,0
2309,15611029,Hsiung,488,Germany,Female,33,4,140002.35,1,1,0,123613.81,0
2310,15621210,Angelo,599,Germany,Male,46,9,123444.72,1,1,1,31368.08,1
2311,15569222,Mendes,781,France,Male,32,6,147107.91,1,1,1,40066.95,0
2312,15664639,McGregor,645,France,Male,19,9,128514.84,1,0,0,175969.19,0
2313,15724223,Bronner,545,France,Female,55,5,0,1,0,0,10034.77,1
2314,15644621,Mironova,597,Germany,Female,40,9,106756.01,2,1,0,151167.94,0
2315,15756056,Ku,561,Spain,Female,28,3,0,2,1,0,191387.76,0
2316,15700353,Evans,662,France,Female,37,6,0,2,1,0,51229.17,0
2317,15624388,Henderson,649,Germany,Female,50,5,155393.32,1,1,1,87351.42,1
2318,15627212,Smith,630,France,Female,36,2,110414.48,1,1,1,48984.95,0
2319,15648005,Russell,672,Spain,Male,33,2,0,2,1,1,182738,0
2320,15681446,Sun,636,Germany,Female,37,9,157098.52,1,1,1,153535.27,0
2321,15775888,McDonald,593,Germany,Female,38,5,85626.6,1,1,1,125079.65,0
2322,15749019,Wong,545,Germany,Male,45,6,93796.42,2,1,1,162321.26,0
2323,15709928,Niu,567,Spain,Female,41,1,0,2,1,0,3414.72,0
2324,15784676,Fanucci,583,France,Male,51,6,125268.03,2,1,0,165082.25,0
2325,15748116,Zetticci,681,France,Female,29,2,148143.84,1,1,1,52021.39,0
2326,15612193,Hsia,762,Spain,Male,29,10,115545.33,2,1,0,148256.43,0
2327,15762984,McIntosh,648,Spain,Male,35,7,0,2,0,0,122899.01,0
2328,15613713,Kozlova,644,France,Male,30,5,44928.88,1,1,1,10771.46,0
2329,15664204,Meany,706,Spain,Male,29,2,0,2,1,1,18255.51,0
2330,15639415,Thompson,850,France,Male,35,3,162442.35,1,1,0,183566.78,0
2331,15806332,Le Gallienne,484,Spain,Female,39,5,0,2,1,1,175224.12,0
2332,15614929,Cheng,508,Germany,Male,28,0,96213.82,2,1,0,147913.56,0
2333,15695492,P'eng,439,France,Female,29,6,156569.43,1,1,0,180598.66,0
2334,15635972,Lloyd,484,Spain,Male,36,8,0,2,1,0,186136.48,0
2335,15616380,Wheeler,803,Spain,Female,37,1,0,2,0,0,7455.2,0
2336,15581440,Christie,724,Germany,Female,48,6,110463.25,2,1,1,80552.11,1
2337,15654390,He,640,France,Male,33,7,154575.76,1,1,0,25722.28,1
2338,15660688,King,701,Spain,Female,35,9,0,2,0,0,170996.86,0
2339,15806307,Favors,537,France,Male,37,3,0,2,1,1,20603.32,0
2340,15647975,Vida,651,Germany,Male,26,5,147037.32,1,0,0,141763.26,0
2341,15595728,Thomas,523,Germany,Male,41,0,119276.31,1,0,0,122284.38,1
2342,15735388,Wayn,717,France,Female,25,7,108664.85,2,1,0,190011.85,0
2343,15788535,Tan,593,Spain,Male,44,5,0,1,1,0,128046.98,0
2344,15765902,Gibson,706,Germany,Male,38,5,163034.82,2,1,1,135662.17,0
2345,15642345,Y?,714,Germany,Female,49,4,93059.34,1,1,0,7571.51,1
2346,15641250,Calabresi,794,Spain,Male,38,9,179581.31,1,1,0,23596.24,0
2347,15706163,Enyinnaya,518,Germany,Male,46,4,113625.93,1,0,0,92727.42,1
2348,15746708,Ritchie,589,Germany,Male,55,7,119961.48,1,1,0,65156.83,1
2349,15775203,Chia,824,France,Male,45,3,129209.48,1,0,0,60151.77,0
2350,15787907,Wang,719,Germany,Female,42,5,137227.04,3,1,0,149097.38,1
2351,15646764,Lorenzo,617,Germany,Female,58,3,119024.75,2,1,0,35199.24,1
2352,15678284,Pai,651,France,Male,35,7,74623.5,3,1,0,129451.29,1
2353,15726791,Nuttall,637,Spain,Female,45,2,157929.45,1,1,1,145134.49,1
2354,15813144,Osborne,554,France,Female,26,7,92606.86,2,1,0,192709.69,0
2355,15669342,Ferri,731,Germany,Male,35,2,127862.93,2,1,0,139083.7,0
2356,15710366,Hamilton,569,Spain,Female,42,1,0,1,1,1,83629.6,1
2357,15614934,McEwan,625,Germany,Female,37,4,142711.81,1,1,0,35625.41,0
2358,15588701,Lai,592,France,Female,38,4,0,2,1,0,35338.96,0
2359,15665438,Hs?,669,France,Male,43,1,163159.85,1,0,1,15602.8,0
2360,15644896,Thompson,663,Germany,Male,32,3,108586.86,1,1,1,182355.21,0
2361,15670205,Boyd,518,Germany,Female,41,5,110624.99,1,1,0,89327.67,0
2362,15635776,Trevisani,686,Germany,Female,43,5,154846.24,2,1,1,151903.6,0
2363,15791053,Lucciano,709,Germany,Male,45,4,122917.71,1,1,1,11.58,1
2364,15644005,Holman,571,France,Female,33,9,0,2,0,1,77519.62,0
2365,15796343,Bazhenov,707,France,Female,31,2,82787.93,2,0,0,91423.69,0
2366,15751057,Douglas,701,Germany,Male,32,5,102500.34,1,0,0,106287.77,0
2367,15623430,Hill,672,France,Male,34,9,0,2,1,0,161800.77,0
2368,15682600,Lo,620,Germany,Male,39,9,159492.79,1,1,0,80582.34,1
2369,15769312,Forbes,557,Spain,Male,48,10,0,2,1,1,185094.48,0
2370,15708212,Lin,648,Spain,Female,54,7,118241.02,1,1,0,172586.89,1
2371,15650258,Sinclair,479,France,Female,35,2,113090.4,1,1,0,195649.79,0
2372,15604345,Kemp,730,France,Female,22,9,65763.57,1,1,1,145792.01,0
2373,15578297,Ebelegbulam,737,Germany,Female,43,1,125537.38,1,1,0,138510.01,1
2374,15671789,Woods,616,France,Male,31,3,94263.91,2,1,0,168895.06,0
2375,15726186,Genovese,639,Spain,Male,29,4,133434.57,2,1,0,97983.44,0
2376,15764618,Tseng,815,Spain,Female,39,6,0,1,1,1,85167.88,0
2377,15730738,Chiang,786,Spain,Male,31,9,0,2,1,1,18210.36,0
2378,15637650,Williams,549,France,Male,50,9,94748.76,2,0,1,13608.18,0
2379,15606267,Wilson,622,France,Female,38,4,98640.74,1,1,1,110457.99,0
2380,15625904,Wang,624,France,Male,26,9,74681.9,2,0,0,31231.35,0
2381,15654463,Moore,841,France,Male,34,4,0,2,1,0,141582.66,0
2382,15774151,Iadanza,614,Spain,Female,41,7,179915.85,1,0,0,14666.35,1
2383,15693259,Wallace,676,France,Male,30,1,128207.23,1,1,1,55400.17,0
2384,15642468,Clark,697,France,Male,42,9,132739.26,2,0,0,174667.65,0
2385,15758531,Y?,732,France,Female,40,10,0,2,1,0,154189.08,0
2386,15728352,Yermakov,623,France,Male,27,4,120509.81,1,0,0,142170.44,0
2387,15637240,Wei,541,France,Male,46,4,124547.13,2,1,0,94499.06,0
2388,15595588,Chukwunonso,773,Spain,Female,39,4,0,2,0,1,182081.45,0
2389,15778395,McIntyre,762,Germany,Male,34,4,88815.56,2,1,0,68562.26,1
2390,15711825,Ts'ai,655,Spain,Female,35,1,82231.51,2,1,0,88798.02,0
2391,15599251,Chung,602,Germany,Male,32,7,184715.86,2,1,0,113781.99,0
2392,15570004,Tsou,850,France,Male,31,3,0,2,1,0,121866.87,0
2393,15656912,Aitken,649,Spain,Male,51,4,0,1,1,1,150390.57,0
2394,15657342,Dawson,850,Germany,Male,28,4,147972.19,1,1,0,60708.72,1
2395,15716284,Ward,543,France,Male,43,9,0,2,1,1,78858.07,0
2396,15672374,Pai,672,France,Male,52,8,170008.84,1,0,0,56407.42,1
2397,15732476,Ifeanyichukwu,600,France,Female,27,3,0,2,0,1,125698.97,0
2398,15747724,Briggs,671,Spain,Female,34,10,0,1,1,0,23235.38,0
2399,15633877,Morrison,706,Spain,Female,42,8,95386.82,1,1,1,75732.25,0
2400,15672516,Wall,541,Germany,Male,51,7,90373.28,2,1,0,179861.79,0
2401,15607827,Nebechukwu,711,Germany,Male,34,4,133467.77,2,1,1,42976.64,0
2402,15751336,Yao,630,Spain,Male,30,3,0,2,0,1,10486.69,0
2403,15646539,Liao,531,France,Male,31,3,96288.26,1,1,0,56794.73,0
2404,15756901,Ch'ang,641,France,Female,26,4,91547.84,2,0,1,28157.34,0
2405,15809286,Burke,631,Germany,Male,37,8,138292.64,2,0,0,152422.91,1
2406,15759021,Kay,685,France,Male,35,9,0,1,1,0,167033.83,0
2407,15725039,McIntyre,702,Spain,Male,32,8,71667.74,1,1,1,126082.18,0
2408,15579130,Chidiegwu,708,Germany,Female,43,0,118994.84,1,1,0,181499.77,1
2409,15754112,Musgrove,653,Spain,Male,55,7,0,2,1,1,41967.03,0
2410,15735522,Boulger,654,Germany,Male,37,2,145610.07,2,0,0,186300.59,0
2411,15613326,Gow,596,France,Female,33,1,138162.81,1,1,0,85412.54,0
2412,15739502,Amaechi,549,Germany,Female,31,9,135020.21,2,1,1,23343.18,0
2413,15670914,Robe,754,France,Male,38,2,0,2,1,0,180698.32,0
2414,15604073,Bibi,815,Germany,Female,25,8,135161.67,1,1,1,136071.05,0
2415,15806027,Niu,556,France,Female,52,9,0,1,1,0,175149.2,1
2416,15574886,Palerma,706,France,Male,32,6,94486.47,1,1,1,146949.74,0
2417,15707120,Cocci,850,France,Male,46,9,117640.39,1,1,0,88920.68,0
2418,15800845,Artemieva,732,Spain,Female,33,8,111379.55,1,1,1,45098.62,0
2419,15603914,Arcuri,614,France,Male,40,6,0,1,1,1,20339.79,1
2420,15722765,Owen,580,Spain,Female,57,0,136820.99,1,0,1,108528.74,0
2421,15783305,Franklin,593,France,Female,46,7,98752.51,1,1,0,145560.38,0
2422,15574842,Lorenzo,653,Germany,Female,25,2,158266.42,3,1,1,199357.24,0
2423,15607837,Muriel,746,France,Female,29,4,105599.67,1,1,1,43106.17,0
2424,15714877,MacDevitt,662,France,Female,29,10,0,2,1,0,137508.31,0
2425,15782941,Chijindum,573,France,Male,31,2,0,2,1,1,91957.39,0
2426,15630167,Gibson,684,Spain,Female,39,4,139723.9,1,1,1,120612.11,0
2427,15759038,Whitehead,793,France,Female,41,3,141806.46,1,1,0,102921.17,0
2428,15661821,Johnstone,798,Germany,Female,49,5,132571.67,1,1,1,31686.33,1
2429,15728006,Endrizzi,524,France,Male,40,2,180516.9,1,1,0,180002.42,0
2430,15712176,Burke,816,France,Male,31,8,0,2,1,1,28407.4,0
2431,15689351,Johnson,742,Germany,Female,41,4,92805.72,1,0,1,73743.95,1
2432,15782247,Yeh,540,France,Male,22,4,0,3,1,1,186233.26,1
2433,15769064,Marshall,537,Germany,Male,39,3,135309.36,1,1,0,31728.86,1
2434,15718153,Kao,759,Spain,Female,74,6,128917.84,1,1,1,48244.64,0
2435,15613189,Browne,774,France,Female,52,2,56580.93,1,1,0,113266.28,1
2436,15661734,Taylor,608,Germany,Male,42,8,131390.75,2,1,0,71178.09,0
2437,15592645,Gibbons,704,Spain,Male,37,4,0,2,0,0,25684.93,0
2438,15768387,Nott,581,France,Male,41,8,0,2,0,0,29737.14,0
2439,15792525,Lei,628,Germany,Female,61,1,97361.66,1,1,1,149922.38,1
2440,15586976,Alexeeva,566,France,Female,42,6,0,1,1,0,180702.12,1
2441,15790659,Sheets,701,Spain,Male,59,7,0,2,0,1,27597.59,0
2442,15691446,Tokaryev,735,Spain,Male,29,10,0,2,1,1,95025.27,0
2443,15772632,Ts'ui,680,France,Female,34,1,0,2,1,0,167035.07,0
2444,15706587,Johnston,560,France,Male,57,0,0,2,0,1,116781.71,0
2445,15572461,Kung,663,Germany,Female,29,4,102714.65,2,0,0,21170.81,0
2446,15654409,Unwin,665,France,Female,34,5,67816.72,1,1,1,29641.58,0
2447,15568025,Hsueh,758,France,Male,51,8,81710.46,1,1,1,116520.07,0
2448,15715769,Hao,621,France,Male,26,2,75237.54,1,0,1,44220.4,0
2449,15667458,L?,764,Germany,Male,28,10,124023.18,1,1,0,166188.28,0
2450,15567980,Frater,537,Germany,Female,46,5,100727.5,1,0,1,140857.76,1
2451,15679294,Brennan,589,France,Female,46,10,107238.85,2,1,0,37024.28,0
2452,15606507,Pisani,555,France,Male,24,5,0,2,1,0,27513.47,0
2453,15578825,Golubev,734,France,Female,29,0,139994.66,1,1,0,17744.72,0
2454,15619935,Vanmeter,783,Spain,Female,59,9,126224.87,1,1,1,4423.63,0
2455,15636089,Hs?,678,Germany,Female,51,1,145751.03,1,0,0,109718.44,1
2456,15727490,Scott,661,France,Male,47,5,0,1,0,1,107243.31,1
2457,15591766,Crawford,607,Spain,Female,25,4,121166.89,1,0,1,115288.24,0
2458,15641629,P'eng,537,Spain,Female,38,1,0,2,0,1,41233.97,0
2459,15813303,Rearick,513,Spain,Male,88,10,0,2,1,1,52952.24,0
2460,15756920,Genovesi,576,France,Male,63,9,70655.48,1,0,0,78955.8,1
2461,15726403,Glenny,660,Germany,Male,41,1,129901.21,1,1,0,26025.6,1
2462,15592765,Marks,637,France,Male,40,8,125470.81,1,1,1,174536.17,0
2463,15704442,Fleming,672,France,Female,53,9,169406.33,4,1,1,147311.47,1
2464,15641136,Davison,629,France,Male,32,2,0,2,0,1,77965.44,0
2465,15725818,Chibuzo,583,Germany,Male,40,4,107041.3,1,1,1,5635.63,0
2466,15612071,Wilson,763,Spain,Female,32,10,95153.77,1,0,1,81310.1,0
2467,15719809,Endrizzi,516,Germany,Male,32,3,145166.09,2,0,0,111421.45,0
2468,15716518,Yuryeva,617,France,Female,27,4,0,2,0,0,190269.21,0
2469,15742210,Ugochukwu,700,France,Male,38,9,65962.63,1,1,1,100950.48,0
2470,15630617,Lo Duca,727,Germany,Male,36,6,140418.81,1,1,1,113033.73,1
2471,15720838,Gallo,689,Spain,Female,31,3,139799.63,1,0,1,120663.57,0
2472,15595537,Trout,626,Germany,Male,49,9,171787.84,2,1,0,187192.23,0
2473,15623196,Morley,686,France,Male,38,6,149238.97,1,1,1,97825.23,0
2474,15679249,Chou,351,Germany,Female,57,4,163146.46,1,1,0,169621.69,1
2475,15693199,Shao,739,France,Female,37,8,0,2,1,0,191557.1,1
2476,15661219,Trentino,627,France,Male,32,10,0,2,1,0,103287.62,0
2477,15617136,Mazzanti,451,Germany,Female,38,9,61482.47,1,1,1,167538.66,0
2478,15760294,Endrizzi,512,France,Female,41,8,145150.28,1,1,0,64869.32,1
2479,15652808,Monaldo,774,France,Female,41,5,126670.37,1,1,0,102426.06,0
2480,15657139,Otutodilinna,652,France,Female,40,8,84390.8,2,0,1,107876.2,0
2481,15803790,Allen,638,Germany,Male,37,2,89728.86,2,1,1,37294.88,0
2482,15764105,Milne,475,France,Female,57,1,0,2,1,0,89248.99,0
2483,15672610,Somadina,567,Spain,Male,40,4,118628.8,1,0,0,91973.63,0
2484,15766896,Chieloka,750,France,Male,37,3,0,2,1,0,16870.2,0
2485,15587735,Chukwuebuka,850,France,Male,39,6,96863.13,1,1,1,121681.19,0
2486,15659501,Chioke,753,France,Female,38,6,142263.45,1,0,1,33730.43,0
2487,15745001,Kovalev,683,Spain,Female,36,7,0,2,1,0,104786.59,0
2488,15651140,Doherty,710,France,Female,32,3,0,1,1,0,94790.34,0
2489,15571148,Baranov,645,Spain,Female,21,1,0,2,0,0,28726.07,0
2490,15776824,Rossi,714,France,Male,28,6,122724.37,1,1,1,67057.27,0
2491,15633141,Robinson,696,Germany,Female,35,4,174902.26,1,1,0,69079.85,0
2492,15764174,Bidencope,612,Spain,Female,26,4,0,2,1,1,179780.74,0
2493,15778155,T'ien,520,Germany,Female,31,3,108914.17,1,1,1,183572.39,1
2494,15715920,De Bernales,782,Spain,Male,23,10,98052.66,1,1,1,142587.32,0
2495,15671917,Wade,666,France,Male,46,5,123873.19,1,1,1,177844.06,0
2496,15666548,Chung,466,Germany,Female,56,2,111920.13,3,1,0,197634.11,1
2497,15625623,Stevenson,567,France,Female,45,4,0,2,0,1,121053.19,0
2498,15748123,Chienezie,613,France,Male,20,3,0,2,1,1,149613.77,0
2499,15648735,Cashin,718,France,Male,37,8,0,2,1,1,142.81,0
2500,15634974,Seppelt,614,France,Female,37,8,75150.34,4,0,1,131766.67,1
2501,15713378,Brownless,711,France,Male,38,10,0,2,0,0,53311.78,0
2502,15753370,McDonald,691,Germany,Female,38,5,114753.76,1,1,0,107665.02,0
2503,15782659,Mamelu,527,France,Male,32,0,0,1,1,0,109523.88,0
2504,15583364,McGregor,476,France,Female,32,6,111871.93,1,0,0,112132.86,0
2505,15625942,McDonald,619,Spain,Female,45,0,0,2,0,0,113645.4,0
2506,15720284,Crawford,607,Germany,Female,37,4,135927.06,1,0,0,180890.4,0
2507,15679642,Feng,695,Spain,Male,44,8,0,2,1,1,70974.13,0
2508,15628007,Genovese,653,France,Male,33,1,0,2,0,0,53379.52,0
2509,15661974,Pirozzi,677,France,Male,46,2,57037.74,1,1,1,158531.01,0
2510,15689341,Gibbs,655,France,Female,50,10,0,4,1,0,179267.94,1
2511,15607993,Milne,625,France,Female,52,2,79468.96,1,1,1,84606.03,0
2512,15693267,Dickson,679,Germany,Female,34,7,121063.85,1,1,0,56984.58,0
2513,15769522,O'Connor,734,France,Male,51,1,118537.47,1,1,1,116912.45,0
2514,15755825,McGuirk,666,France,Male,39,10,0,2,1,0,102999.33,0
2515,15598175,Toscani,592,Germany,Female,26,4,105082.07,2,1,0,132801.57,0
2516,15744327,Ruth,564,France,Male,40,4,0,1,1,0,85455.62,1
2517,15798666,Hughes,814,France,Female,36,6,0,2,1,1,98657.01,0
2518,15577064,Onyekaozulu,592,Germany,Male,36,2,104702.65,2,1,0,107948.72,0
2519,15759436,Aksenov,758,France,Female,50,2,95813.76,3,1,1,67944.09,1
2520,15690231,K'ung,612,Spain,Female,62,0,167026.61,2,1,1,192892.05,0
2521,15751561,Meng,498,Germany,Male,61,7,102453.26,1,1,0,187247.56,1
2522,15739068,Nwoye,638,Germany,Male,25,4,148045.45,2,1,1,114722.42,0
2523,15758056,Calabresi,558,France,Male,35,1,0,2,0,0,111687.57,0
2524,15742269,Milano,756,France,Female,24,1,0,2,1,0,184182.25,0
2525,15726490,Kirby,782,Spain,Male,52,4,0,1,1,1,52759.82,1
2526,15738411,Ho,505,France,Male,34,10,104498.79,1,0,1,126451.14,0
2527,15727919,Chukwuemeka,671,Spain,Female,29,6,0,2,0,0,12048.67,0
2528,15709396,Hale,801,France,Male,42,6,0,2,1,1,95804.33,0
2529,15654106,K?,604,France,Male,26,8,149542.52,2,0,1,197911.52,0
2530,15621653,Rice,716,France,Female,29,10,87946.39,1,1,1,182531.74,0
2531,15598086,Brown,624,France,Female,45,3,68639.57,1,1,0,168002.31,1
2532,15752300,Sagese,607,Germany,Male,47,4,148826.32,1,1,1,79450.61,0
2533,15658693,Aksyonova,827,France,Female,60,2,0,2,0,1,60615.83,0
2534,15631838,Findlay,606,France,Male,61,5,108166.09,2,0,1,8643.21,0
2535,15803804,Walker,717,Germany,Female,35,5,103214.71,1,1,0,172172.7,0
2536,15578809,Hao,651,Germany,Male,40,1,134760.21,2,0,0,174434.06,1
2537,15752026,Hammer,691,France,Male,58,3,0,1,0,1,194930.3,1
2538,15723706,Abbott,573,France,Female,33,0,90124.64,1,1,0,137476.71,0
2539,15752838,Lucas,723,Spain,Male,38,6,0,2,1,1,94415.6,0
2540,15569571,Davydova,584,Germany,Female,46,6,87361.02,2,1,0,120376.87,1
2541,15769703,West,550,Germany,Female,45,8,111257.59,1,0,0,97623.42,1
2542,15679770,Smith,611,France,Female,61,3,131583.59,4,0,1,66238.23,1
2543,15791102,Mai,549,Germany,Male,41,9,95020.8,3,1,1,131710.59,1
2544,15655192,Fiorentino,850,Spain,Female,24,1,0,2,0,1,69052.87,0
2545,15709487,Freeman,668,Germany,Male,34,5,80242.37,2,0,0,56780.97,0
2546,15687130,Nkemjika,686,France,Female,43,0,0,1,1,1,170072.9,0
2547,15755178,Ramos,660,France,Male,50,1,0,3,1,1,191849.15,1
2548,15634772,Mario,682,Spain,Female,59,0,122661.39,1,0,1,84803.76,0
2549,15617197,Chien,524,France,Male,50,4,0,2,1,1,31840.59,1
2550,15631240,Dubinina,645,France,Female,36,8,0,2,1,1,12096.61,1
2551,15784301,Wang,850,France,Male,42,0,0,2,1,0,44165.84,0
2552,15631310,Hsieh,537,France,Female,53,3,0,1,1,1,91406.62,0
2553,15756560,Moran,599,Spain,Female,46,7,81742.84,2,1,0,83282.21,0
2554,15732270,Hung,727,Spain,Male,71,8,0,1,1,1,198446.91,1
2555,15739357,Moss,756,Spain,Male,30,2,145127.85,1,0,0,7554.68,0
2556,15771540,Fedorova,755,France,Male,38,9,148912.44,1,1,0,80416.16,0
2557,15567486,Li,634,Spain,Female,41,4,0,2,1,1,164549.74,0
2558,15714634,Nebechi,837,France,Male,26,4,89900.24,2,1,0,175477.03,0
2559,15727021,Obialo,727,Germany,Female,30,8,119027.28,2,1,1,137903.54,0
2560,15650670,Bateson,567,Germany,Female,40,2,105222.86,2,1,0,93795.86,0
2561,15711834,Long,650,Spain,Female,30,6,0,1,0,0,67997.13,1
2562,15729763,Nelson,655,Spain,Male,34,1,116114.93,1,1,1,49492.15,0
2563,15646566,Bell,763,France,Female,58,9,187911.55,1,0,1,35825.18,0
2564,15645463,Udinese,843,France,Female,27,5,0,2,1,1,67494.23,0
2565,15672144,Mao,667,France,Female,38,6,144432.04,1,1,1,73963.17,1
2566,15596088,Fanucci,705,France,Female,50,4,77065.9,2,0,1,145159.26,0
2567,15614878,Yeh,660,Germany,Female,29,6,180520.29,1,1,1,123850.58,0
2568,15635240,Onuoha,553,France,Male,42,1,0,2,0,0,23822.04,0
2569,15775905,Moore,612,Germany,Female,47,6,130024.87,1,1,1,45750.21,1
2570,15700657,Thornton,641,Germany,Female,40,2,110086.69,1,1,0,159773.14,0
2571,15611905,Warlow-Davies,513,Spain,Female,31,5,174853.46,1,1,0,84238.63,0
2572,15652527,Champion,680,France,Male,44,7,108724.98,1,0,1,72330.46,0
2573,15785865,Mazzanti,711,France,Male,58,9,91285.13,2,1,1,26767.85,0
2574,15645942,Macleod,689,Spain,Male,40,2,0,2,1,1,164768.82,0
2575,15688691,Lei,665,Germany,Female,51,9,110610.41,2,0,1,1112.76,1
2576,15592736,Lucchese,551,Germany,Male,54,5,102994.04,1,1,0,176680.16,1
2577,15673529,Lombardo,645,Spain,Male,36,4,59893.85,2,1,0,43999.64,0
2578,15724145,William,616,Germany,Male,29,8,149318.55,1,1,0,140746.13,0
2579,15704629,Wright,582,France,Female,32,1,116409.55,1,0,1,152790.92,0
2580,15597896,Ozoemena,365,Germany,Male,30,0,127760.07,1,1,0,81537.85,1
2581,15731790,Boyle,697,Germany,Female,38,6,132591.36,1,1,1,7387.8,1
2582,15634719,Chinwendu,704,France,Male,31,0,0,2,1,0,183038.33,0
2583,15703205,Uwaezuoke,656,France,Female,46,5,113402.14,2,1,1,138849.06,0
2584,15567333,Archambault,712,France,Female,31,7,0,2,1,0,170333.38,0
2585,15754537,Ko,748,France,Male,40,0,0,1,0,0,60416.76,0
2586,15612030,Udegbulam,724,France,Male,28,9,0,2,1,1,100240.2,0
2587,15573242,Greene,691,France,Male,50,6,136953.47,1,1,1,2704.98,0
2588,15601892,Hunter,563,France,Male,33,8,0,2,0,1,68815.05,0
2589,15663885,Blinova,741,France,Male,32,5,0,1,1,1,64839.23,0
2590,15701096,De Garis,778,France,Male,44,8,123863.64,1,1,0,144494.94,0
2591,15710450,Okwudiliolisa,848,Spain,Male,22,7,120811.89,1,1,1,185510.34,0
2592,15790846,Ts'ai,634,Germany,Male,38,2,148430.55,1,1,1,56055.72,0
2593,15658956,Tuan,505,Germany,Male,40,6,47869.69,2,1,1,155061.97,0
2594,15755223,Tseng,692,Germany,Male,53,7,150926.99,2,0,0,119817.19,0
2595,15787318,Holmwood,537,Germany,Female,47,6,103163.35,1,1,0,16259.64,1
2596,15737310,Thompson,633,France,Male,29,10,130206.28,1,1,0,184654.87,0
2597,15763665,Y?,833,France,Female,28,4,136674.51,2,0,0,5278.78,0
2598,15668818,Chidubem,592,Spain,Female,40,2,200322.45,1,1,1,113244.73,0
2599,15765812,Trevisani,587,Spain,Male,48,1,0,2,1,1,8908,0
2600,15704844,Hsiung,550,Spain,Male,62,7,80927.56,1,0,1,64490.67,0
2601,15744582,Randall,680,France,Female,24,10,0,3,1,0,154971.63,1
2602,15616700,Leach,622,Spain,Female,41,9,0,2,1,1,155786.39,0
2603,15683521,Godfrey,594,Germany,Male,28,0,142574.71,2,1,0,129084.82,0
2604,15583049,Wallace,643,Germany,Female,34,7,160426.07,1,0,1,188533.11,0
2605,15643752,Wei,540,France,Male,25,5,116160.23,1,1,0,13411.67,0
2606,15620398,Mitchell,635,Spain,Female,34,5,98683.47,2,1,0,15733.19,0
2607,15715707,Light,657,France,Male,32,3,118829.03,2,1,1,73127.61,0
2608,15814209,Capon,814,France,Male,31,1,118870.92,1,1,0,101704.19,0
2609,15733768,Hou,600,France,Male,32,1,0,1,1,1,101986.16,0
2610,15755242,Rowe,682,France,Female,46,2,0,1,1,1,114442.66,0
2611,15729412,Holloway,682,France,Male,38,4,107192.38,1,1,1,15669.17,0
2612,15746564,O'Sullivan,566,France,Male,42,3,108010.78,1,1,1,157486.1,0
2613,15588446,Udinesi,550,Spain,Male,34,3,0,2,0,0,131281.28,0
2614,15665221,Nwebube,630,France,Male,26,7,129837.72,2,0,1,197001.15,0
2615,15640846,Chibueze,546,Germany,Female,58,3,106458.31,4,1,0,128881.87,1
2616,15700209,Walker,486,France,Male,63,9,97009.15,1,1,1,85101,0
2617,15658360,Gregory,762,Spain,Male,35,9,122929.42,2,0,0,149822.04,0
2618,15602735,Kuo,692,Germany,Male,45,6,152296.83,4,0,1,108040.86,1
2619,15724834,Wilson,498,France,Female,30,1,0,2,0,0,135795.53,0
2620,15800062,Lanford,850,Spain,Male,49,8,0,1,0,0,25867.67,1
2621,15685300,Meng,603,France,Male,35,6,128993.76,2,1,0,130483.56,0
2622,15760102,Yeh,551,France,Female,36,5,0,1,1,0,183479.12,0
2623,15787026,Onwuatuegwu,627,Germany,Male,27,0,185267.45,2,1,1,77027.34,0
2624,15653696,Goliwe,515,France,Female,28,9,0,2,0,0,94141.75,0
2625,15788946,Anthony,605,Spain,Female,29,3,116805.82,1,0,0,4092.75,0
2626,15600724,Scott,567,Germany,Male,29,5,129750.68,1,1,0,109257.59,0
2627,15574324,Genovese,568,Germany,Female,29,2,129177.01,2,0,1,104617.99,0
2628,15707144,Onyeorulu,571,Germany,Male,25,6,82506.72,2,1,0,167705.07,0
2629,15775891,Myers,634,Germany,Male,48,2,107247.69,1,1,1,103712.05,1
2630,15711789,Davey,768,Spain,Female,42,3,0,1,0,0,161242.99,1
2631,15600879,Parsons,554,Germany,Female,36,3,157780.93,2,1,0,6089.13,0
2632,15681196,Chikere,629,France,Male,35,1,172170.36,1,1,1,159777.37,0
2633,15716000,Hs?eh,638,Spain,Male,48,2,0,2,1,1,7919.08,0
2634,15766776,Sal,576,France,Male,41,1,0,1,1,1,188274.6,0
2635,15680278,Ts'ai,661,Spain,Female,42,9,75361.44,1,1,0,27608.12,1
2636,15688637,Witt,592,France,Female,27,4,0,2,1,1,183569.25,0
2637,15591179,Skelton,702,Spain,Male,30,2,0,2,1,1,145537.32,0
2638,15677435,Kazantseva,647,France,Female,29,0,98263.46,2,1,0,164717.95,0
2639,15698619,Bowhay,593,France,Male,43,9,0,2,1,1,76357.43,0
2640,15581036,Beyer,712,Germany,Female,40,3,109308.79,2,1,0,120158.72,1
2641,15622117,Fries,625,Spain,Female,31,8,0,2,1,0,151843.54,0
2642,15599301,Tao,538,Germany,Female,28,6,164365.44,1,0,1,5698.97,0
2643,15581548,Kaodilinakachukwu,637,Spain,Female,22,5,98800,1,1,0,122865.55,0
2644,15586870,Ni,632,France,Male,27,4,193125.85,1,1,1,152665.85,0
2645,15735263,Hsueh,736,France,Male,27,5,51522.75,1,0,1,192131.77,0
2646,15765322,Connely,755,France,Male,23,5,84284.48,2,1,1,62851.6,0
2647,15582944,Becker,425,Spain,Female,39,5,0,2,1,0,140941.47,0
2648,15687162,Clayton,461,France,Male,51,9,119889.84,1,0,0,56767.67,1
2649,15644962,Connolly,745,France,Male,21,4,137910.45,1,1,1,177235.23,0
2650,15612615,Graham,616,France,Female,37,6,0,2,1,0,86242.18,0
2651,15813439,Ch'ien,587,France,Male,33,5,100116.82,1,1,0,34215.58,0
2652,15604544,Manfrin,850,Germany,Male,40,4,166082.15,2,0,1,44406.17,0
2653,15761348,Kuo,601,France,Female,38,0,0,2,1,0,165196.65,0
2654,15785078,Fomin,730,Spain,Male,26,3,0,1,1,0,34542.41,0
2655,15759874,Chamberlain,532,France,Male,44,3,148595.55,1,1,0,74838.64,1
2656,15643658,Barber,850,Germany,Male,53,2,94078.97,2,1,0,36980.54,0
2657,15713267,Zimmer,779,Spain,Female,34,5,0,2,0,1,111676.63,0
2658,15737782,Brazenor,562,France,Male,29,9,0,1,1,1,25858.68,0
2659,15815490,Cocci,670,Germany,Male,40,2,164948.98,3,0,0,177028,1
2660,15679410,Caldwell,729,France,Female,62,4,140549.4,1,1,0,30990.16,1
2661,15756241,Yirawala,767,France,Female,44,2,152509.25,1,1,1,136915.15,0
2662,15688409,Donaldson,742,France,Female,28,2,191864.51,1,1,0,108457.99,1
2663,15742272,Ozerova,669,France,Female,44,8,96418.09,1,0,0,131609.48,1
2664,15717898,Bruce,542,Spain,Male,32,2,131945.94,1,0,1,159737.56,0
2665,15769582,Kang,586,France,Male,29,3,0,2,1,1,142238.54,0
2666,15635660,Rossi,612,Germany,Male,30,9,142910.15,1,1,0,105890.55,1
2667,15576723,Ts'ai,740,France,Female,37,7,0,2,1,1,194270.91,0
2668,15591577,Moran,584,France,Male,35,3,146311.58,1,1,1,105443.47,0
2669,15582325,Jennings,524,France,Male,52,2,87894.26,1,1,0,173899.42,1
2670,15693947,Tokareva,614,France,Female,19,5,97445.49,2,1,0,122823.34,0
2671,15760446,Pagnotto,598,France,Female,64,9,0,1,0,1,13181.37,1
2672,15611105,Castella,799,Spain,Male,35,7,0,2,0,1,140780.8,0
2673,15630920,Du Cane,724,France,Male,34,2,154485.74,2,0,0,78560.64,0
2674,15574910,Ferguson,601,France,Male,50,2,115625.07,1,1,0,185855.21,0
2675,15756472,Odinakachukwu,804,France,Male,25,7,108396.67,1,1,0,128276.95,0
2676,15682890,Woronoff,745,Germany,Male,38,5,65095.41,2,1,1,140197.42,0
2677,15641994,Meng,667,Germany,Male,43,1,103018.45,1,1,0,32462.39,1
2678,15733297,Sinclair,518,France,Female,38,10,84764.79,1,1,1,162253.9,0
2679,15767793,Hsu,819,France,Female,38,10,0,2,1,0,30498.7,0
2680,15725698,Panicucci,520,Spain,Female,35,4,115680.81,1,1,1,90280.7,0
2681,15813532,Burns,625,France,Female,39,5,0,2,1,0,32615.21,0
2682,15576760,Onodugoadiegbemma,673,Germany,Male,36,5,73088.06,2,0,0,196142.26,0
2683,15732102,Darling,656,Germany,Female,27,3,150905.03,2,1,0,16998.72,0
2684,15739046,Maggard,850,Spain,Female,23,9,143054.85,1,0,1,62980.96,0
2685,15631927,Thomas,574,Spain,Female,28,7,0,2,0,0,185660.3,0
2686,15672115,Lettiere,679,France,Male,60,6,0,2,1,1,77331.77,0
2687,15618765,Ponomaryov,530,Germany,Female,42,0,99948.45,1,0,1,97338.62,0
2688,15679148,Oliver,508,France,Male,44,3,115451.05,2,0,0,67234.33,0
2689,15728474,Chienezie,558,Germany,Male,32,4,108235.91,1,1,1,143783.28,0
2690,15636999,Mao,414,France,Male,38,8,0,1,0,1,77661.12,1
2691,15754261,Ho,648,Spain,Male,42,2,98795.61,2,1,0,89123.99,0
2692,15629150,Lucchese,721,France,Female,37,1,0,2,1,0,70810.8,0
2693,15736274,Prokhorova,751,France,Male,31,8,0,2,0,0,17550.49,0
2694,15627697,Alekseyeva,662,France,Male,34,2,0,2,0,1,21497.27,0
2695,15721585,Blacklock,628,Germany,Male,29,3,113146.98,2,0,1,124749.08,0
2696,15639946,Sazonova,597,Germany,Female,39,8,162532.14,3,1,0,36051.46,1
2697,15792176,Henty,698,Spain,Female,40,0,92053.44,1,1,1,143681.83,0
2698,15699450,Li,723,France,Male,48,7,0,2,1,1,150694.58,0
2699,15729954,Azuka,586,France,Female,28,5,0,3,1,0,170487.4,1
2700,15600103,Alexander,633,Germany,Female,29,8,104944.1,1,1,1,97684.46,0
2701,15786200,Brock,564,France,Male,31,4,0,2,1,0,53520.03,0
2702,15797010,Shen,649,France,Female,31,2,0,2,1,0,15200.61,0
2703,15670172,Padovesi,622,France,Female,30,4,107879.04,1,0,1,196894.62,0
2704,15627352,Bulgakov,459,Germany,Male,46,7,110356.42,1,1,0,4969.13,1
2705,15622494,Mazzanti,718,France,Male,27,2,0,2,0,0,26229.24,0
2706,15585835,Lord,655,Spain,Female,34,4,109783.69,2,1,0,134034.32,0
2707,15595071,Ramos,696,France,Male,22,9,149777,1,1,1,198032.93,0
2708,15628203,Pai,637,France,Female,38,3,104339.56,1,0,0,119882.86,0
2709,15667190,Yuan,630,Spain,Female,21,1,85818.18,1,1,1,133102.3,0
2710,15780212,Mao,592,France,Male,37,4,212692.97,1,0,0,176395.02,0
2711,15766869,Uspenskaya,634,Germany,Male,37,1,89696.84,2,1,1,193179.88,0
2712,15775741,Powell,608,France,Female,28,9,0,2,1,1,125062.02,0
2713,15628170,Brown,565,Germany,Female,32,9,68067.24,1,1,0,143287.58,0
2714,15701318,Poole,763,Spain,Male,67,9,148564.66,1,0,1,87236.4,0
2715,15710928,McChesney,665,France,Female,55,8,136354.16,1,1,1,93769.89,0
2716,15682547,Lucchese,649,France,Male,38,1,122214,1,0,1,88965.46,0
2717,15631170,Clements,695,France,Male,45,3,0,2,1,1,30793.61,0
2718,15648702,Yuriev,775,Germany,Male,70,6,119684.88,2,1,1,74532.02,0
2719,15783444,Endrizzi,788,France,Female,39,3,135139.33,1,0,1,113086.08,0
2720,15809178,Pan,569,Germany,Female,42,9,146100.75,1,1,0,32574.01,1
2721,15806688,Manfrin,726,Spain,Female,56,8,123110.9,3,0,1,130113.78,1
2722,15576824,Kennedy,564,Germany,Female,44,3,111760.4,3,1,1,104722.47,1
2723,15675422,Conway,544,France,Female,32,9,110728.39,1,1,1,14559.62,0
2724,15681550,Lablanc,614,France,Female,41,8,121558.46,1,1,1,598.8,0
2725,15812628,Dodd,453,Germany,Female,38,8,120623.21,1,1,0,129697.99,0
2726,15597951,Muir,471,France,Female,58,4,114713.57,1,1,1,36315.03,0
2727,15807045,Milanesi,829,Germany,Female,37,3,103457.76,1,0,0,1114.12,0
2728,15581748,Shen,754,Germany,Male,57,2,101134.87,2,1,1,70954.41,0
2729,15770420,Dillon,749,Germany,Male,46,10,78136.36,2,1,1,73470.98,0
2730,15608230,Hoelscher,667,France,Male,23,1,0,2,1,0,91573.19,0
2731,15730339,Bell,670,Spain,Male,30,3,133446.34,1,0,0,3154.95,0
2732,15712584,Liao,670,France,Female,33,7,0,2,1,1,88187.81,0
2733,15592816,Udokamma,623,Germany,Female,48,1,108076.33,1,1,0,118855.26,1
2734,15641480,Sinnett,571,France,Male,32,5,131354.25,1,1,0,125256.53,0
2735,15708505,Palerma,641,Germany,Female,37,7,62974.64,2,0,1,39016.43,0
2736,15791131,Chimaijem,551,Germany,Female,30,2,143340.44,1,1,0,145796.49,0
2737,15618225,Porter,741,Germany,Male,36,8,116993.43,2,1,0,168816.22,0
2738,15644724,Fan,472,France,Male,31,4,58662.92,2,0,1,73322,0
2739,15662098,Palmer,650,Spain,Male,41,3,128808.65,3,0,0,113677.53,1
2740,15723894,Younger,625,France,Male,45,7,137555.44,1,0,0,124607.7,0
2741,15787699,Burke,650,Germany,Male,34,4,142393.11,1,1,1,11276.48,0
2742,15687738,Nwagugheuzo,535,France,Female,38,8,0,2,1,0,136620.64,0
2743,15576126,Young,649,France,Female,41,2,125785.23,1,1,1,70523.92,0
2744,15658889,Watson,689,France,Male,22,4,136444.25,1,1,0,51980.25,1
2745,15667046,Tseng,694,Spain,Male,38,7,121527.4,1,1,0,113481.02,0
2746,15669957,Drake,655,Germany,Male,52,9,144696.75,1,1,1,49025.79,0
2747,15655794,Hanna,620,France,Male,36,8,0,2,1,1,145937.99,0
2748,15599829,Padovesi,577,France,Female,35,10,0,2,1,1,25161.61,0
2749,15753332,Loftus,401,Germany,Male,48,8,128140.17,1,1,0,175753.55,1
2750,15671124,Buccho,599,France,Male,25,6,120383.41,1,1,1,24903.09,0
2751,15767474,Lorenzo,481,France,Female,57,9,0,3,1,1,169719.35,1
2752,15720671,Ibezimako,704,France,Male,42,8,129735.3,2,1,1,179565.57,0
2753,15626787,Wei,698,Spain,Female,31,8,185078.26,1,0,0,115337.74,1
2754,15774491,Ross,480,France,Female,28,6,0,2,0,0,48131.92,0
2755,15579647,Oluchukwu,682,France,Male,42,0,0,1,1,1,160828.98,0
2756,15625522,Walker,700,Spain,Male,31,7,0,2,0,1,145151.96,0
2757,15765806,Wu,492,France,Male,29,1,144591.96,1,1,1,196293.76,0
2758,15566708,Chidalu,444,France,Female,45,4,0,2,1,0,161653.5,1
2759,15668347,Ingram,624,France,Male,36,6,0,2,0,0,84635.64,0
2760,15575214,Ch'en,709,France,Male,37,7,0,1,1,0,159486.76,0
2761,15591123,Iredale,557,Germany,Male,68,2,100194.44,1,1,1,38596.34,0
2762,15573280,Gallagher,646,Germany,Male,50,6,145295.31,2,1,1,27814.74,0
2763,15589018,Padilla,719,Germany,Male,28,3,106070.29,2,1,1,183893.31,0
2764,15654495,Potter,706,Germany,Female,47,6,120621.89,1,1,1,140803.7,0
2765,15597265,Mao,660,France,Male,38,7,0,2,0,1,146585.53,0
2766,15733876,Schneider,667,France,Male,36,9,0,2,1,1,40062.29,0
2767,15677217,Ibragimova,705,France,Male,30,1,0,1,1,1,181300.32,0
2768,15747265,Huang,598,Germany,Female,27,10,171283.91,1,1,1,84136.12,0
2769,15713379,Anderson,669,France,Male,26,4,0,2,1,1,197594.34,0
2770,15730433,Nakayama,580,Germany,Female,38,1,128218.47,1,1,0,125953.83,1
2771,15693347,Gardener,676,France,Female,32,5,0,2,1,1,75465.41,0
2772,15715465,Aksenova,714,Germany,Male,28,7,77776.39,1,1,0,177737.07,0
2773,15680736,Milne,597,Germany,Female,72,6,124978.19,2,1,1,7144.46,0
2774,15610765,Onwumelu,559,France,Male,29,1,0,2,0,0,155639.76,0
2775,15650034,Kudryashova,564,France,Female,28,1,0,1,1,1,162428.05,0
2776,15782468,Hart,850,Spain,Male,51,3,109799.55,2,1,1,12457.76,1
2777,15685109,Teng,689,France,Male,39,7,0,2,0,0,14917.09,0
2778,15776233,Kruglova,758,Germany,Female,61,8,125397.21,1,1,0,182184.09,1
2779,15761141,Palerma,604,Spain,Female,71,10,0,2,1,1,129984.2,0
2780,15781702,Brookes,733,Germany,Male,38,9,111347.37,2,0,1,194872.97,0
2781,15790235,Hsing,778,Spain,Male,40,8,104291.41,2,1,1,117507.11,0
2782,15641416,Shaffer,732,Germany,Female,61,9,94867.18,2,1,1,157527.6,1
2783,15775234,Laurie,646,France,Male,24,8,0,2,0,0,92612.88,0
2784,15659475,Chung,597,France,Female,33,6,135703.59,2,0,0,74850.84,0
2785,15642202,Whitfield,821,Germany,Female,37,5,106453.53,2,0,1,127413,0
2786,15771417,Thomas,640,France,Male,43,7,132412.38,1,0,0,69584.3,1
2787,15585100,Rioux,511,Germany,Female,40,9,124401.6,1,1,0,198814.24,1
2788,15700487,Osonduagwuike,805,France,Male,46,6,118022.06,3,1,0,162643.15,1
2789,15726589,Matveyev,540,Germany,Male,39,1,82531.11,1,1,0,114092.52,0
2790,15747503,Hayward,705,Spain,Male,44,0,184552.12,1,1,0,68860.3,1
2791,15595883,Nkemdirim,540,Germany,Male,39,4,127278.31,1,1,1,16150.34,0
2792,15663826,Brim,532,Spain,Female,66,3,0,1,1,1,115227.02,0
2793,15742820,Trevisano,535,France,Female,45,2,0,2,0,1,170621.55,0
2794,15624793,Soubeiran,627,Germany,Male,23,5,184244.86,1,1,0,103099.22,0
2795,15597930,Wilson,646,France,Male,52,8,59669.43,1,0,0,172495.81,1
2796,15665110,Helena,515,France,Female,25,7,79543.59,1,0,1,38772.82,0
2797,15770719,Duncan,697,France,Female,39,6,151553.19,1,1,1,44946.29,0
2798,15731327,Hale,652,Germany,Male,27,2,166527.88,2,0,1,146007.7,0
2799,15576044,Macdonald,579,Germany,Male,28,6,150329.15,1,1,0,145558.42,0
2800,15775662,McKay,760,France,Male,43,8,121911.59,1,1,0,193312.33,0
2801,15646817,Chiekwugo,769,France,Male,51,9,156773.78,2,1,0,40257.79,0
2802,15596060,Skinner,498,Spain,Male,29,8,127864.26,1,1,1,46677.9,0
2803,15723299,Sorokina,774,France,Male,53,4,113709.28,1,1,1,153887.93,1
2804,15636982,Weller,705,Germany,Female,43,7,79974.55,1,1,1,103108.33,0
2805,15751175,Bess,648,France,Female,44,2,0,2,1,1,58652.23,0
2806,15618936,MacDonald,688,France,Female,51,5,0,1,1,0,91624.11,1
2807,15787529,Gray,592,Spain,Male,38,0,0,1,1,0,65986.48,1
2808,15780128,Ogbonnaya,705,France,Male,33,3,144427.96,2,1,0,113845.19,0
2809,15615991,Udegbulam,654,France,Male,42,7,99263.09,1,1,1,67607.9,0
2810,15757001,Mai,624,France,Female,32,2,79368.87,2,1,1,145471.94,0
2811,15595388,Yeh,594,France,Female,30,10,0,2,1,1,124071.71,0
2812,15699550,Babbage,695,Spain,Female,34,9,0,2,1,1,67502.12,0
2813,15581620,Franklin,597,France,Male,28,2,0,3,1,1,78707.97,0
2814,15600934,Randell,758,France,Female,52,7,125095.94,1,1,0,171189.83,1
2815,15738672,Paterson,737,Germany,Female,40,2,162485.8,2,1,0,149381.32,0
2816,15721307,Pickering,694,Germany,Male,37,1,95668.82,2,1,0,100335.55,0
2817,15619280,Uspensky,683,France,Male,25,4,0,2,1,0,152698.24,0
2818,15768244,Macleod,538,Spain,Female,30,8,0,2,1,1,41192.95,0
2819,15806837,Nnaife,669,France,Male,37,4,0,1,1,0,132540.33,0
2820,15643496,Randolph,730,France,Female,34,5,74197.38,2,1,0,96875.52,0
2821,15813916,Kudryashova,622,France,Female,31,1,89688.94,1,1,1,152305.47,0
2822,15626385,George,714,Spain,Female,33,10,103121.33,2,1,1,49672.01,0
2823,15603582,Robertson,569,Spain,Female,34,3,0,1,1,0,133997.53,0
2824,15764351,Yuryeva,668,Germany,Female,59,5,120170.07,1,0,1,50454.8,0
2825,15667938,Hurst,628,France,Male,32,9,149136.31,2,1,1,16402.11,0
2826,15576360,Ch'iu,600,France,Male,40,1,141136.79,1,1,1,67803.83,0
2827,15628813,King,693,France,Female,43,4,152341.55,1,1,0,9241.78,0
2828,15584190,Esposito,704,France,Male,36,7,120026.98,2,0,1,100601.73,0
2829,15716449,Fraser,527,Spain,Male,33,9,132168.28,1,0,0,98734.15,0
2830,15759913,Trentini,553,Germany,Male,43,6,85200.82,2,1,1,160574.09,0
2831,15701555,Nicholls,575,Spain,Male,53,1,84903.33,2,0,1,26015.8,0
2832,15758482,Montalvo,626,France,Female,32,0,0,2,0,0,187172.54,0
2833,15758171,Tien,582,France,Male,20,4,0,1,1,1,55763.66,0
2834,15680346,Chuang,683,Spain,Male,40,8,0,1,1,0,75848.22,0
2835,15649124,Fang,850,France,Male,30,9,121535.18,1,0,0,40313.47,0
2836,15812917,Kosisochukwu,653,Spain,Male,35,6,116662.96,2,1,1,23864.21,0
2837,15768455,Young,679,France,Male,60,8,0,2,1,1,51380.9,0
2838,15703059,Scott,549,Germany,Female,49,6,124829.16,1,0,1,93551.36,0
2839,15646196,Yeh,850,Spain,Female,36,2,155180.56,2,0,0,169415.54,0
2840,15585451,Vigano,558,Germany,Female,32,1,108262.87,1,1,1,6935.31,0
2841,15714057,Windradyne,528,Spain,Male,40,4,0,2,1,0,25399.7,0
2842,15748473,Curnow,801,France,Male,38,5,0,2,1,0,66256.27,0
2843,15785782,Ugonna,513,Spain,Male,48,2,0,1,1,1,114709.13,1
2844,15693233,De Neeve,666,Germany,Male,38,6,99812.88,2,1,1,158357.97,0
2845,15757521,Ricci,606,France,Male,35,2,132164.26,1,0,1,164815.59,0
2846,15812513,Nnaife,599,Germany,Male,45,10,103583.05,1,1,0,132127.69,1
2847,15674950,Ebelechukwu,544,Germany,Male,39,4,142406.43,2,1,0,146637.45,0
2848,15678572,Keating,529,Spain,Male,38,7,99842.5,2,1,0,90256.06,1
2849,15713608,Tuan,850,France,Female,41,5,0,2,1,1,34827.43,0
2850,15579262,Shearston,497,France,Male,41,9,0,1,0,0,22074.48,0
2851,15610426,Tien,764,France,Female,39,5,81042.42,1,0,1,109805.17,0
2852,15776454,Hamilton,603,France,Female,48,5,0,1,1,0,100478.6,1
2853,15771483,Arnold,609,France,Male,40,6,0,2,1,1,97416.34,0
2854,15648489,Ting,487,France,Male,53,4,199689.49,1,1,1,24207.86,1
2855,15646609,Chao,748,France,Male,33,1,142645.43,1,0,0,69132.66,0
2856,15693203,Powell,710,Spain,Female,75,5,0,2,1,1,9376.89,0
2857,15813067,Williams,432,Germany,Female,45,3,110219.14,1,1,0,43046.7,1
2858,15769829,Cheng,534,Spain,Male,51,3,0,2,0,1,20856.31,0
2859,15662434,Zhdanova,607,France,Male,25,3,0,2,0,0,187048.72,0
2860,15773503,Tsai,551,Spain,Male,32,4,0,2,1,0,53420.53,0
2861,15705890,Nebechukwu,674,France,Male,45,7,142072.02,1,1,0,37013.29,0
2862,15711398,Fetherstonhaugh,525,France,Female,25,6,0,2,1,0,89566.64,0
2863,15752375,Ojiofor,645,Germany,Male,33,8,149564.61,1,0,0,149913.84,0
2864,15659175,Severson,755,France,Female,43,9,0,2,1,0,18066.69,0
2865,15597033,Speight,708,Germany,Male,37,8,153366.13,1,1,1,26912.34,0
2866,15590228,Greenwalt,715,France,Male,21,6,76467.16,1,1,1,173511.72,0
2867,15631848,Grover,727,France,Female,26,9,121508.28,1,1,1,146785.44,0
2868,15654211,Milani,559,Spain,Female,27,1,0,1,0,1,1050.33,0
2869,15707968,Akobundu,545,Spain,Male,36,8,73211.12,2,1,0,89587.34,1
2870,15594084,Anderson,524,France,Male,22,9,0,2,1,0,74405.34,0
2871,15651093,Chien,707,France,Female,55,1,0,2,0,1,54409.48,0
2872,15798824,Kennedy,671,Spain,Male,38,0,92674.94,2,1,0,3647.57,0
2873,15671591,Castiglione,439,Spain,Male,52,3,96196.24,4,1,0,198874.52,1
2874,15707189,Marshall,667,Germany,Female,36,1,114391.62,1,1,1,53412.54,0
2875,15733581,Duncan,831,Germany,Male,32,9,80262.66,1,1,0,194867.78,0
2876,15641640,Uspenskaya,545,Spain,Female,33,7,173331.52,1,1,0,150452.88,0
2877,15585284,Thomson,604,Spain,Female,35,7,147285.52,1,1,1,57807.05,0
2878,15617866,Calabrese,657,Spain,Male,67,5,119785.47,2,1,1,107534.32,0
2879,15667751,Herrera,487,Spain,Female,36,1,140137.15,1,1,0,194073.33,0
2880,15669411,Muse,750,Germany,Female,52,6,107467.56,1,1,0,126233.18,1
2881,15789425,Marsden,694,Germany,Female,37,8,98218.04,2,1,0,182354.46,1
2882,15570943,Artemyeva,711,Germany,Female,35,2,133607.75,1,1,1,120586.32,0
2883,15685829,McKay,551,France,Male,37,3,0,2,1,1,50578.4,0
2884,15721917,Chuang,559,France,Female,38,8,95139.41,1,1,1,86575.46,0
2885,15776047,Nicholls,620,France,Female,29,3,0,2,0,1,153392.28,0
2886,15716024,Dennis,660,Spain,Male,42,5,0,2,1,0,115509.59,0
2887,15675328,Knight,449,France,Female,37,6,0,2,1,0,82176.48,0
2888,15604314,Webb,703,Germany,Female,26,1,97331.19,1,1,0,63717.49,0
2889,15658339,Pugliesi,795,Germany,Male,37,2,139265.63,2,1,1,198745.94,0
2890,15630402,Nebechukwu,594,France,Female,31,9,0,1,0,1,5719.11,0
2891,15689616,Ward,586,Spain,Male,34,5,168094.01,1,0,0,20058.61,0
2892,15774224,Nixon,613,Germany,Female,30,5,131563.88,2,1,0,170638.98,0
2893,15701291,Chidubem,601,France,Male,44,3,0,2,1,0,30607.11,0
2894,15719606,Rivers,657,France,Male,50,9,0,2,0,0,37171.46,0
2895,15644119,Sochima,531,France,Male,31,3,0,1,1,1,42589.33,0
2896,15646859,Heydon,621,Germany,Male,47,7,107363.29,1,1,1,66799.28,0
2897,15606836,Lombardo,782,France,Female,33,2,94493.03,1,0,1,101866.39,0
2898,15664150,Holland,528,Germany,Female,29,9,170214.23,2,1,0,49284,0
2899,15624510,Tien,696,France,Male,52,6,139781.06,1,1,0,27445.4,1
2900,15810944,Bryant,586,France,Female,35,7,0,2,1,0,70760.69,0
2901,15668575,Hao,626,Spain,Female,26,8,148610.41,3,0,1,104502.02,1
2902,15603246,Genovesi,498,France,Male,73,2,170241.7,2,1,1,165407.96,0
2903,15804002,Kovalev,691,France,Female,33,1,128306.83,1,1,1,113580.79,0
2904,15728773,Hsieh,568,France,Female,47,7,0,2,1,1,45978.39,0
2905,15598044,Debellis,715,France,Female,35,3,0,1,1,1,152012.36,0
2906,15694829,Chibueze,680,Germany,Male,32,7,175454,1,0,1,77349.92,0
2907,15600575,Padovano,802,Spain,Male,41,6,0,2,1,0,47322.05,0
2908,15727311,Yen,539,France,Female,22,0,100885.93,2,1,1,38772.65,0
2909,15570769,Kibble,494,France,Male,69,9,93320.8,1,1,1,24489.44,0
2910,15606274,Lori,594,Germany,Male,38,6,63176.44,2,1,1,14466.08,0
2911,15746139,Enemuo,596,France,Male,33,2,139451.67,1,0,0,63142.12,0
2912,15704987,Lu,649,France,Female,52,8,49113.75,1,1,0,41858.43,0
2913,15628972,Nebeolisa,699,Germany,Male,32,1,123906.22,3,1,1,127443.82,1
2914,15697686,Stewart,787,France,Female,40,6,0,2,1,1,84151.98,0
2915,15733883,Ward,604,France,Male,28,7,0,2,0,0,58595.64,0
2916,15617482,Milanesi,489,Germany,Female,52,1,131441.51,1,1,0,37240.11,1
2917,15704583,Chikwado,651,France,Male,56,2,0,1,1,0,114522.68,1
2918,15621083,Douglas,698,France,Male,57,6,136325.48,2,1,1,72549.27,1
2919,15649487,Sal,578,Germany,Female,38,4,113150.44,2,1,0,176712.59,1
2920,15736760,Douglas,538,Spain,Female,42,9,0,1,0,0,152855.96,0
2921,15714658,Yates,696,France,Female,33,4,0,2,1,1,73371.65,0
2922,15599081,Watt,507,Germany,Female,46,8,102785.16,1,1,1,70323.68,0
2923,15705113,P'an,685,Spain,Male,34,6,83264.28,1,0,0,9663.28,0
2924,15631159,H?,705,Germany,Male,41,4,72252.64,2,1,1,142514.66,0
2925,15792818,Perry,499,Germany,Female,29,6,148051.52,1,1,0,118623.94,0
2926,15633531,Lavrov,717,France,Female,76,9,138489.66,1,1,1,68400.14,0
2927,15744529,Chiekwugo,510,France,Male,63,8,0,2,1,1,115291.86,0
2928,15669656,Macdonald,632,France,Male,32,6,111589.33,1,1,1,170382.99,0
2929,15581198,Jenkins,668,Germany,Female,39,0,122104.79,1,1,0,112946.67,1
2930,15729054,Korovina,744,Germany,Male,32,4,96106.83,1,1,1,79812.77,0
2931,15573452,Manning,663,Germany,Male,42,7,115930.87,1,1,0,19862.78,0
2932,15776733,Wilson,638,Germany,Female,37,7,124513.66,2,1,0,158610.89,0
2933,15724858,Begum,688,France,Female,54,9,0,1,1,0,191212.63,1
2934,15713144,Ingrassia,588,Spain,Male,46,8,0,1,1,0,61931.21,0
2935,15690188,Maclean,631,France,Male,33,7,0,1,1,1,58043.02,1
2936,15689425,Olejuru,687,Spain,Male,35,8,100988.39,2,1,0,22247.27,0
2937,15671766,Enyinnaya,599,France,Male,44,10,118577.24,1,1,1,31448.52,0
2938,15782806,Watson,718,Spain,Male,28,6,0,2,1,0,146875.86,0
2939,15764419,Langdon,730,France,Male,27,5,0,2,1,1,116081.93,0
2940,15591915,Frolov,533,France,Female,39,2,0,1,0,1,73669.94,1
2941,15772798,Chikezie,711,Spain,Female,28,5,0,2,1,1,93959.96,0
2942,15792008,Zetticci,555,Spain,Female,26,9,0,2,0,1,158918.03,0
2943,15715541,Yang,850,France,Female,42,9,113311.11,1,1,1,198193.75,0
2944,15639277,Lin,678,France,Female,41,9,0,1,0,0,13160.03,0
2945,15798850,Goddard,576,France,Male,32,7,0,2,1,0,4660.91,0
2946,15776348,Rogers,835,Germany,Male,20,4,124365.42,1,0,0,180197.74,1
2947,15727696,Zubareva,592,France,Male,42,1,147249.29,2,1,1,63023.02,0
2948,15793813,Onochie,774,France,Male,36,7,103688.19,1,0,1,118971.74,0
2949,15694395,Ts'ui,620,France,Female,29,1,138740.24,2,0,0,154700.61,0
2950,15764195,Newsom,519,Spain,Male,39,4,111900.14,1,1,1,97577.17,0
2951,15744919,Genovese,734,Spain,Female,37,0,152760.24,1,1,1,48990.5,0
2952,15671655,Thorpe,763,Germany,Male,31,7,143966.3,2,1,1,140262.96,1
2953,15654901,Horton,733,France,Male,51,10,141556.96,1,1,0,130189.53,0
2954,15649136,Williamson,650,France,Female,43,6,0,2,1,1,16301.91,0
2955,15775562,Shoobridge,538,France,Female,33,5,0,2,1,0,126962.41,0
2956,15807481,Peng,577,France,Female,46,1,0,1,1,1,158750.53,0
2957,15642885,Gray,792,France,Male,30,8,0,2,1,0,199644.2,0
2958,15789109,Watson,686,France,Female,41,10,0,1,1,1,144272.71,1
2959,15814004,Fyodorova,589,France,Male,29,2,0,2,0,1,98320.27,0
2960,15673619,Bazhenov,530,France,Male,25,9,162560.32,1,1,0,64129.03,0
2961,15595135,Solomon,778,Germany,Female,29,7,123229.46,1,1,0,181221.09,0
2962,15583681,Layh,616,Spain,Male,31,7,76665.71,2,1,1,163809.08,0
2963,15605000,John,550,France,Male,38,9,140278.99,3,1,1,171457.06,1
2964,15718071,Tuan,655,France,Female,51,3,0,2,0,1,15801.02,0
2965,15679760,Slattery,721,France,Male,46,1,115764.32,2,0,0,102950.79,0
2966,15654574,Onyekachi,499,Germany,Male,36,5,131142.53,2,1,0,174918.46,0
2967,15577178,Genovese,511,France,Male,45,5,68375.27,1,1,0,193160.25,1
2968,15595324,Daniels,579,Germany,Female,39,5,117833.3,3,0,0,5831,1
2969,15756932,Caldwell,696,Spain,Female,36,7,0,2,1,1,82298.59,0
2970,15726358,Chiemenam,681,France,Male,34,7,0,2,0,0,130686.59,0
2971,15595228,Wanliss,815,France,Male,45,7,0,1,0,1,52885.23,1
2972,15782530,Bruce,681,Spain,Male,30,2,111093.01,1,1,0,68985.99,0
2973,15592877,Wright,641,Spain,Male,42,9,132657.55,1,1,0,35367.19,0
2974,15651983,Fang,591,France,Female,56,9,128882.49,1,1,1,196241.94,1
2975,15746737,Eames,565,Germany,Male,59,9,69129.59,1,1,1,170705.53,0
2976,15774179,Sutherland,487,France,Male,37,6,0,2,1,1,126477.41,0
2977,15667265,Cavenagh,729,France,Male,39,4,121404.64,1,1,1,159618.17,0
2978,15655123,Dumetolisa,505,Spain,Female,45,9,131355.3,3,1,0,195395.33,1
2979,15595917,Mackay,580,France,Female,35,1,102097.33,1,0,1,168285.85,0
2980,15668385,Dellucci,642,France,Male,40,1,154863.15,1,1,1,138052.51,0
2981,15709476,Kenyon,850,Spain,Female,41,3,99945.93,2,1,0,71179.31,0
2982,15711218,Parry,616,Germany,Male,39,2,121704.32,2,1,0,55556.3,0
2983,15798659,Kennedy,526,Spain,Female,43,3,0,2,1,0,31705.19,0
2984,15663939,Arnott,523,Germany,Male,35,8,138782.76,1,1,1,186118.93,0
2985,15694946,Hanson,663,France,Male,35,9,0,2,1,1,195580.28,0
2986,15631912,T'ao,840,France,Male,30,8,136291.71,1,1,0,54113.38,0
2987,15768816,Shen,570,Germany,Male,42,0,107856.57,2,1,0,127528.84,0
2988,15682268,Steere,676,Germany,Female,26,1,108348.66,1,0,0,60231.74,1
2989,15684801,Abbott,689,France,Male,47,1,93871.95,3,1,0,156878.42,1
2990,15636428,Sutherland,703,Spain,Female,45,1,0,1,1,0,182784.11,1
2991,15809823,Thurgood,491,Germany,Male,19,2,125860.2,1,0,0,129690.5,0
2992,15699284,Johnson,584,France,Male,49,8,172713.44,1,1,0,113860.81,0
2993,15786993,Lung,810,France,Female,51,5,0,2,0,1,184524.74,0
2994,15709441,Cocci,745,Spain,Female,59,8,0,1,1,1,36124.98,0
2995,15710257,Matveyeva,625,France,Female,39,3,130786.92,1,0,1,121316.07,0
2996,15582492,Moore,535,France,Female,29,2,112367.34,1,1,0,185630.76,0
2997,15575694,Yobachukwu,729,Spain,Female,45,7,91091.06,2,1,0,71133.12,0
2998,15756820,Fleming,655,France,Female,26,7,106198.5,1,0,1,32020.42,0
2999,15766289,Dickinson,751,France,Male,47,5,142669.93,2,1,0,162760.96,0
3000,15593014,Evseyev,525,France,Male,33,1,112833.35,1,0,1,175178.56,0
